Usuario,Fecha_CreaciÃ³n,Comentario
Healthy_Block3036,2020-11-28,I cannot imagine having that job at this exact moment...
Sad_Advice_8152,,What a horrible day to have a brain
chunkykongracing,2021-06-21,You and me girl
yurtzwisdomz,2024-06-30,"I wanna ask this woman if she had a headache or a downright migraine after witnessing this because I can't even imagine how much stress, embarrassment and disgust went through her head :( UGH"
ChristineBorus,2019-03-20,"I had this reaction too. Really she wanted to cry, but she was trying to keep it together."
DABOSSROSS9,2013-06-28,"For me, this is much sadder than the argument. She knows the consequences of losing US support. It could very well cost thousands of Ukrainian lives."
karasujigoku,2013-04-15,"Time to wake up, Europe. History might repeat itself.

edit: I'm European, to be clear, considering the confusion on the replies."
iohannesc,2015-05-28,She looks like she's gonna need a lotta Ativan these coming months. I feel for her ðŸ˜”
probablyuntrue,2011-12-24,"Economy crashing, -1.5% GDP growth predicted for Q1, allies abandoned, inflation increasing, tariffs on the horizon 

We did it, we made America great again ðŸ«¡"
SeaworthinessLoud992,2022-09-05,At least the argument was aired for the public to see. maybe some Right leaning Americans will see what is happening
elferfan91,2017-01-28,Time to water the fields with Gatorade
Darwing,2012-09-15,This is unbearable to watch
Ak40-couchcusion,2018-06-06,"The way trump spoke to him was disgusting, treating him like a naughty little boy who's fighting with his brother, not a leader of a proud country at war trying to defend his people. The way America is behaving is embarrassing."
whitewrm,2021-02-02,people wont get it but it's a big deal when your country is being invaded and the US is siding with the invader.
phatstopher,2018-03-20,Trump and Vance would never talk to Putin that way and we all know it.
jwor024,2015-08-09,"That's the look of someone who knows that Russia is so deeply embedded into the GOP and US presidency, that there is zero hope for her country."
thandrend,2017-10-11,"Yeah, that's approximately the correct response.  Listening to the most powerful man on earth trying to bully a regional leader just trying to defend his country wtf"
NowWeAllSmell,2022-12-12,She knows >!how much more suffering is about to occur!<
[eliminado],,WHAT DOES PUTIN HAVE ON THE FUCKING GUY??????
Bartok_and_croutons,2018-06-07,"God, I wish people were more informed about why the U.S is involved in this war. A lot of people ask (rightfully so) ""Why are we even involved with Ukraine? Not our problem.""Â 


And the answer is Ukraine is in this situation because of assurances made by the U.S. During the formation of the Non-Proliferation Treaty. We made them the promise that should Russia become an agressor, we would provide them with all the economic, military, and political support they need.Â 


We got them here by convincing them to give up their nuclear weapons. And it'd be more than a bit fucked up to leave Ukraine out to dry because of it.Â 


This has been: Rant of a History Nerd"
CleverJail,2016-01-13,Trump and Vance pretty clearly intentionally blew that up
Zealousideal_Bard68,2020-10-03,A day of shame for a whole nationâ€¦ and it has not been six months yetâ€¦
Shaggy0291,2018-05-11,"To be an enemy of the United States is dangerous, but to be a friend of the United States is fatal."
daesmon,2014-08-01,"This was their plan all along, try to mug Zelenskyy, make ridiculous demands that do nothing to help Ukraine and when he obviously pushes back they can turn on him and side with Putin."
myrtleolive,2021-04-15,WW2 was a bit of a waste wasn't it.  RIP respect.
TParden13,2018-09-21,Think this epitomised all of us watching/listening
Hey-its-BADNEWS,2020-03-29,She knows them arguing means more war and more people dying
Feisty_Focus_1573,2022-05-30,The part that really got me throughout this whole debacle ( and made me laugh ) was when they started verbally abusing zelensky for not wearing a suit â€¦ like are we serious right now? How come Elonia can jump around in his polyester graphic tee at conferences but thatâ€™s not an issue right
catchatoritori,2018-12-30,This is all sane Americans right now. What an absolute shit show Trump and his administration are. I'm so embarrassed.
ParticularlyOrdinary,2018-03-01,"Me too, girl. Me too."
Tensyrr,2021-11-27,That's every logical person across the globe watching that shit show. Trump is an absolute embarrassment to the United States.
ObjectiveOrange3490,2024-04-25,Glad this humiliating display of American diplomacy was televised. Hope the rest of the world takes note. You can't trust us anymore. Start making arrangements.
[eliminado],,Whenever you realize youâ€™re talking to a moron you need to remember that at least half the population is dumber than that. THATS how this happened
LaurLoey,2022-02-13,I feel her pain. Lives donâ€™t matter. Itâ€™s just a business deal.
Numerous-Soil-2800,2025-01-03,***Thatâ€™s the same reaction of ALL decent Americans***
ahsnwtwg,2023-07-08,The same expression of many Americans every day
Adorable-Ad-7400,2023-03-20,"Bro she knows her job is so fucked now lol. God bless her, because I responded the same way."
TheBandero,2021-01-28,US goodwill destruction speedrun any% world record
1badh0mbre,2018-12-17,This was every sane persons reaction.
Beneficial_Jaguar210,2025-01-02,Vance's comment about the propaganda tour to send people to the front lines is exactly the way it's done in America.
GrouchyLongBottom,2023-07-03,"What they did right here shows that they are working in Russia's interest. This helped Russia more than any other country involved.

If they weren't such assholes, they could talk more civily, but this was their plan. They wanted it to go like this and shift blame. Make it look like the US is in the right by talking over people and not really making any sense. The idiots in the country are already saying that trump is right and zelensky is a fool. What the fuck people!!!!"
lulububudu,2019-12-29,"I feel sick to my stomach. This is who is in charge of our welfare. And to an extent the world. 
The end of the world canâ€™t come soon enough. This is batshit crazy!! 
Him mentioning WW3 is also effin disturbing."
Impressive_Pen_1269,2023-08-01,Maybe zelensky needs to talk to the Chinese they are likely to have more control over Russia than the USA.
rickylong34,2020-04-02,America ðŸ‡ºðŸ‡¸ðŸ¤¡
Crimson_Scare_Crow,2023-07-17,The way Trump and Vance kept raising their voices to drown out Zelensky told me all I needed to know.
stickynote_oracle,2018-11-25,"Same, lady, same. 

I mean, not  exactly the same. But, I feel you."
nanobitcoin,2019-04-16,It was extremely undiplomatic. This is why randoms should not be president
Square_Region_748,2022-01-08,I had to turn it off. It was disgusting. Trump should be ashamed.
Due_Ad1267,2021-07-06,"To my understanding this is supposed to be a ""hahaha"" subreddit. 

What I see is a woman who knows citizens of her country are at real risk of dying, and losing their sovereignty."
bizarrostormy90,2017-11-22,Fuckin same
[eliminado],,[deleted]
hoffnutsisdope,2009-12-17,Weak mens idea of a strong man.
gjs628,,"I wonder if theyâ€™d have the balls to attack Pootin like that to his face? Iâ€™d love to see them last ten seconds in Ukraine, theyâ€™d be running like roaches the moment the first explosion hit. Itâ€™s pathetic. This guy has kept his country up and fighting through incalculable odds; what have these pricks ever done except make lots of noise along with their brainrot decisions?"
[eliminado],,[deleted]
DropCommercial6446,2024-05-22,How embarrassing.. this is our president?!
bbyxmadi,2020-06-08,"Laughing stock of the world. Damaging relationships with our neighbors and allies, passing orders on non-issues, acting like total fools."
joebro1060,2012-11-22,That poor woman sure has her job cut out for her.  I do not envy her position
chemtrails7865,2020-06-20,Please god let there be a stiff drink for this woman somewhere in the world.
LingonberryHead6764,2022-07-23,It is time for other Nations to step up their support of Ukraine so that they do not need to deal the United States any longer.
UndercoverHerbert,2024-07-13,The amount of Russian bots posting here is insane. Yâ€™all arenâ€™t fooling anyone.
burntrats,2020-07-01,She is all of us.
wdsaeq,2020-04-08,I can only imagine the depth of the rage felt by zelensky rn
lucasjackson87,2016-12-06,Good for Zelensky. He wants peace but he doesnâ€™t want the same agreement as before. The same agreement Russia broke.
banjovi68419,2021-11-19,It's a game for American leaders.  It's their children's lives in Ukraine.
franzderbernd,2020-09-03,The real strange thing is that the rest of the room didn't react like her.
Celestiicaa,2022-04-10,All of us:
avotius,2018-01-02,The moment she realized America was going to give Ukraine to Russia.
showusyourfupa,2021-01-18,Argue? That was Trump and Vance bullying Zelensky.
EdwardLovagrend,2020-07-07,"I'm not mad...just incredibly disappointed.


But I'm also mad."
niwi501,2020-03-17,"She's just like me, fr"
zeezeeguy,2022-04-04,I wonder if High ranking us gov officials agree with him.
NarlyConditions,2022-01-29,Vance brings little dick energy to the table way to go.
Lord_Morningst4r,2022-10-28,"It was heartbreaking indeed watching two raptors take advantage of media coverage to show they are tough. When JD said, you haven't even thanked Americans for their help, he lost my respect. Zelesky has thanked all the allies multiple times. So sad we are living in the time of bullies and liars now!"
Klaus-Ad-3321,2023-05-05,This is what happens when you consider the US as a friend
[eliminado],,"Poor woman. 

I feel so bad for these people."
osama_bin_guapin,2024-06-09,"Me too, me too"
Recent_Impress_3618,2020-08-17,Putin had a semi
derpandderpette,2011-12-11,Trump is an embarrassment
nuboots,2020-06-17,"it was never going to go differently, and all those diplomats and reporters were either painfully naive or desperate. 

Trump had the leverage and he knew it.  He has never NOT twisted the knife once he had it in.  He's spent the last week being told by the British and the French how key the USA is to this process, and then Zelensky shows up to give him a minerals deal without any firm commitments in return.  Everything there said that they needed him more than he needed them.  

And Trump holds a grudge.  Forever.  Listen to the tape and hear him ranting about Hunter Biden.  He's still mad at the Ukrainians about that and probably blames them for getting him impeached.  

Trump was always going to take the minerals deal, and then make Zelensky concede more and more, before finally having him resign.  and then Trump would renege and back Putin anyway, because Zelensky gave up everything of value before leaving, and ""that's just smart business.""

Two maybes out of many:

1) The Europeans pull it together and back the Ukrainians.  If that works out, then we're looking at the new NATO without the US involved.  Welcome to the new western hemisphere, where the USA is just another participant and no longer playing the tune.

2) Zelensky has Vance whacked.  He could probably get away with it: the VP is a nobody, and Vance is just a little bitch no one likes.  Just invite him to a summit somewhere that overflies near Ukraine, and put a missile into his plane.  ""oh, no, those darn russians shot down another airliner..."""
Mrjay39131,2016-10-11,"Same, Madam Ambassador, same."
Outside_Soup3367,2024-07-15,How much you'all wanna bet putin in Moscow watching this and laughing his fucking ass off
emveor,2020-10-03,"Trump: ""zelensky is a dictator!""

Also trump 2 days later:""you want me to say bad things about Putin? I can't go saying bad things to someone and expect a deal later on, that would be stupid"""
dallyan,2014-12-28,I swear to god I step away from shit for a couple of hours and â€¦ wtf is going on?
ssnnma,2018-09-23,And you thought you had an awful day at work! Men should really grow up. The bullies picking on someone for not wearing a suit! Disgusting! But hey a preschoolerâ€™s dad can wear a baseball hat inside and the preschooler to tell the president to shush! Yup stupidity is rampant!
TheAngriestChair,2018-07-16,"Man, I'd just tell trump to forget it, I'll go to China and give them the minerals if they help me."
Glittering-Watch-404,2020-11-19,I am embarrassed Trump represents America
clairebearshare,2022-01-21,"I hate Trump. From an American living in Poland from 2014-2023. As an American, we should be with you. We promised security when you gave up your protection. Everyone forgets about this. There is accountability"
Livid_Bag_4374,2020-12-28,What have we as Americans become?
notorious_999,2023-02-02,she is representing all of us lolðŸ˜‚
CMF42,2019-05-05,That poor woman; she knows her job only gets more difficult each day.
DrowningInFeces,2013-07-20,Oh you mean the person with the absolute worst job on the planet right now?
BarracudaMore4790,2024-08-25,"Me too, sister.... Me too."
relytbackwards,2016-10-07,"Imagine you are a relatively small country and you are invaded by a HUGE country to the north and then one of your strongest allies that you rely on for security calls you a dictator and starts to walk back their aid. Then you are forced to negotiate with a pair of bone headed, privileged losers who don't care about your struggle and would rather sell their souls to the highest bidder for some power and real estate deals. All while you are fighting a war to protect your country and the lives of its very people. THAT is what's happening here. Trump has never had to take on true leadership. He is a poser and a loser. 

No matter what you think of Ukraine and Zelensky, this is beyond disrespectful and embarrassing. 

What a fucking joke our country is with Trump as the head and it only took one month for the shame and embarrassment to rear it's ugly head."
[eliminado],,[removed]
Elexeh,2011-04-27,Iâ€™ve met this woman and heard her story personally. Sheâ€™s incredibly strong. You know shits fucked when even she is embarrassed to this level.
torontosparky2,2024-08-18,Why was this not behind closed doors?  Because it is an orchestrated ambush to paint a pretext for the Americans audience.
Prestigious-Fan-5969,2024-09-05,"Iâ€™m neither American nor European, but it was very cruel that Zelensky was treated this way. It was very painful to watch."
Clever_droidd,2021-10-29,"In case anyone is confused, Putin is the bad guy."
potatopigflop,2023-02-16,"How are some people saying Zelensky messed up?? He showed up, spoke quietly and politely, and ended up having to defend himself the whole time against two mentally incompetent, loud mouthed fascists and their unholy, illogical rhetoric and misinformation?"
york100,2010-04-15,Do Putin's assistants wake him up in the middle of the night when good news like this come his way?
Erudite-Hirsute,2022-01-12,"Absolutely disgraceful behaviour from Trump and Vance. 

Invite someone into your house and then attack them in front of a crowd, with lies, shout over them while they try to correct the record and ask for help your country had promised. Then demand they show you gratitude and prostrate themselves in front of your awesome majesty. 

A pair of bullies who are disgracing themselves on the world stage. Why would any world leader be seen with these two mendacious, immoral, ungracious cnuts. 

America, America, trump shreds the name of thee"
mollymcbbbbbb,2018-08-11,I don't understand why this keeps being described as arguing. It was two bullies shouting out / over Zelensky and not letting him finish a damn sentence.
PartTimeMancunian,2024-05-15,This is why billionare narcissists shouldn't be able to run countries.
[eliminado],,[deleted]
EmbarrassedClimate69,2021-10-12,"Any one supporting this has clearly never studied history. Neville Chamberlain and appeasement caused WW2. You CANNOT give into dictators. On the other hand, containment and refusing ti give into the USSR ended the Cold War. This is literally Geo Politics 101. People supporting trump are absolutely brain dead."
SweatyCut4847,2020-06-20,Krasnov. No doubt. He is completely doing work for Putin.
Timexisxnow,2024-10-12,Absolutely embarrassing to have these clowns representing the US.
Dapper-Negotiation59,2024-09-19,"Yeah us too, lady."
6000ChickenFajardos,2024-01-08,Lots of Ruzzian bots in these comments
Capital_Werewolf_788,2022-08-07,"Itâ€™s impossible to defend Trump here, the fact is that Ukraine signed the 1994 Budapest Memorandum along with the US and Russia, and while this agreement is NOT a binding defense treaty, it included security assurances from the US and Russia in exchange for Ukraine giving up their nuclear weapons. Russia broke that agreement by invading Crimea in 2014, and again in 2022. While the US are not obliged to respond militarily (and they didnâ€™t), they sent billions in aid, which should be recognised as a part of their security assurance to Ukraine in the 1994 agreement. So for Trump to act like the US is doing Ukraine a favour is utterly absurd.

I do think that for there to be peace, realistically there has to be some compromise. Ideally you would want Russia to return Crimea, but that is never going to happen when Ukraine has no leverage here. A realistic compromise would be for Ukraine and Russia to return back to their pre-war borders in 2022, for Ukraine to declare neutrality and not join NATO, for the US and Ukraine to sign that minerals deal that would give Trump the profits (supposedly, no idea how valuable this deal even is) while ensuring American interests remain in Ukraine, and for Russia to once again guarantee Ukraineâ€™s security, with the US putting in writing what the consequences of Russia breaking the agreement will be. That is the security guarantee that Zelensky needs, something more concrete than the 1994 agreement.

That doesnâ€™t seem to be the direction Trump is taking. Heâ€™s acting like a bandit here, he wants a mineral deal with Ukraine but he doesnâ€™t want to dip his feet into their affairs, seeing how he continuously refuses to offer security guarantees. Heâ€™s operating in bad faith."
Derridead,2021-03-02,"Vance and Trump instigating a fight to make Zelenskyy look bad. Obviously it didn't work as Zelenskyy kept his cool, but the Trumpers will now see 'dictator' Zelenskyy as ungrateful and confrontational for not rolling over for their god emperor. I can't believe i'm seeing this USA in my lifetime, it is time for Europe and the rest of the free world to stop relying on this shitshow as an ally"
Yipeeayeah,2021-01-18,"You know we Germans have the verb of ""FremdschÃ¤men"", which means ""to be ashamed for the behavior of others"". Just wanted to drop this here. Just because."
BowlerBeautiful5804,2022-04-26,This woman is all of us
aussiechickadee65,2021-10-25,"Argue ?  
WTAF !

How about one was set up and attacked !

Trump is a Putin puppet and has always been.  

Fock you , America."
Rab_Legend,2011-08-24,"For the majority of people this seems to be a ""oh, isn't Trump incompetent, isn't his cabinet shite"".

Her reaction seems more like ""oh dear God, Russia is gonna be give free reign from the USA"""
Smol_VagaBlonde,2020-09-01,She is all of us.
FatAZZRedditMod,2024-04-09,"Vance is a joke. Saying, you havenâ€™t even said thank you. Give me a break"
java_brogrammer,2019-05-09,Literally everyone's reaction to the meeting (except those who don't have brains).
[eliminado],,[deleted]
EveningCandle862,2024-01-14,The whole world right now (except MAGA & Putin ofc)
slowguy503,2020-06-08,The headline is wrong. Krasnov and Zelenskyy were not arguing. Krasnov was shaking down Zelenskyy
Gilgaretch,2018-11-22,"Many of us feel the same way maâ€™am. Not enough, grant you, but many."
daily_cup_of_joe,2020-03-19,I think most people who watched this had the same reaction as her.
OnlyHereForBJJ,2025-01-30,"Tbh this whole thing has been terrible, I lean right on the vast majority of things, and I donâ€™t think the opinion of â€˜an invading nation canâ€™t just be allowed to have the territory theyâ€™ve invaded, an invaded country shouldnâ€™t be blamed for being invaded, and America shouldnâ€™t be trying to profiteer of the invasionâ€™ is a left wing one, but people are so tribal. 

Vile vile behaviour from the American government this, acting like vultures to pick the corpse of Ukraine, Iâ€™m worried"
DancinWithWolves,2013-03-24,America is definitely the annoying family member you kinda just put up with
jamesandersonsd28,2024-08-05,There are so many smart intelligent articulate cultured and classy people in this world. Why are we stuck with these clowns. Iâ€™m so confused
old-billie,2022-02-16,trump getting a ceasefire is Ukraine surrendering hasn't said anything to pootin to stop
pondoutback,2019-12-06,Politics are dead.
Zech08,2016-07-10,All those notes and prepping... pointless. I woulda just tossed the papers in her hand in the air.
WordplayWizard,2018-02-24,I speak fluent Frustration.  I can translate.  Her body language says:  â€œWhy is this fucking idiot in charge of anything other than fluffing himself.â€
PuzzleheadedPop7841,2021-06-29,We all feel that way.
Exes_And_Excess,2020-03-13,Watch us all die on the outside*
alcatraz1286,2020-02-12,Remember folks never outsource your countries military to usa
[eliminado],,[deleted]
[eliminado],,This was all of us watching that exchange.  The UN needs a vote to conndemn that bloody farce.
Personal-Maximum-138,2022-01-11,we are so cooked
MdnightRmblr,2016-11-27,Trump is a Russian asset end of story.
LionSlicerBirchman,2024-02-20,Embarrassing is the most correct way to put this.
StoreRevolutionary70,2023-01-28,Thatâ€™s not a battle of wits. You canâ€™t have a fight with an unarmed man (DT)
tacocat_racecarlevel,2017-08-10,"Ahh the first time I watched this was from the angle that panned over to her, I figured it was just the natural reaction of some member of the press. Knowing who she is adds some weight to the reaction."
[eliminado],,[deleted]
GooseCloaca,2021-02-06,Same.  And Iâ€™m American.
xsfkid,2019-04-14,Who was the reporter (?) that asked Zelenskyy why he wasnâ€™t wearing a suit?
Little-Trip9600,2020-08-13,This woman says it all without saying a word !
agumonkey,2011-10-19,mother of all facepalms
CharacterPayment8705,2022-04-30,Someone hug her! Poor lady. I do not envy her tonight.
Phat_groga,2021-10-16,She is all of usâ€¦
Chemical_Cut_7089,2022-03-08,Man this is depressing
Every-Quit524,2020-11-01,"Americans being American as usual. 

With unscrupulous ""allies"" like that he should have seen this coming years in advance. 

I feel for Zelensky (for the first time ever) and he is in a very bad spot.  He is in very real existential battle not only for his own life.

Resources are jeopardized the war is stagnant. Two fronts. From the east and from the west with declining support.  The EU may be his last line."
Turbulent_Ad_7036,2021-02-09,Everybody watched that video had the exact same face
[eliminado],,He wanted him to beg and get on his knees.  I think Zelensky would for his country but there are always limits.  Europe needs to step up b/c the orange turd is fully in bed with Russia.  Its all about money for Trump never about lives or people or freedom- just about money and that is why so many folks voted for him- Greed.  Sad really sad.
ZukesFan14,2023-06-15,"It's just so sad to watch, how did we get here"
bebop1065,2017-06-01,I feel the exact same way as her.
FingFrenchy,2012-06-04,Right there with you Madame Ambassador.  What a shit show.
Informal_Ad_6991,2022-07-13,"Lol
Lady, me and you both xD"
potentatewags,2025-01-08,Glad they caught that on film lol
UncleLukeTheDrifter,2016-10-05,"Lots of bloodthirsty, war mongering folks in here. Maybe theyâ€™d feel differently if it were someone they know and love in those uniforms on the front lines."
Specific-Fig-2351,2024-11-10,"Although I don't wish it on them America is gonna have big issues in the future,  they are isolating themselves slow but surely."
Squanchedschwiftly,2017-08-28,Oh god im right there with her
luckyman562,2025-01-17,These are the real money shots seeing these people's reactions ðŸ¤¦ðŸ»â€â™‚ï¸ðŸ¤¦ðŸ»â€â™‚ï¸ðŸ¤¦ðŸ»â€â™‚ï¸ðŸ¤¦ðŸ»â€â™‚ï¸
onederful,2011-04-12,"Itâ€™s almost guaranteed trump will retaliate for this, hope she doesnâ€™t get fired"
Human0id77,2022-03-04,"She's Kif and Trump is Zap Branigan, the braggart bafoon"
[eliminado],,That face you know youâ€™re going to be working the weekend.
Ok-Analyst6939,2022-08-23,I donâ€™t understand whatâ€™s so captivating about Putin â€” why are Xi Jinping and Trump going out of their way to curry favor with him?
Atherutistgeekzombie,2014-02-07,"Me too madame, me too..."
LogicalFallacyCat,2021-02-13,Lifelong American here and me too
whatsherface2024,2024-01-21,Does anyone in this thread speak Russian out of curiosity?
nono3722,2019-11-06,"I feel like she looks. Sorry lady, keep up the good work."
Present_Nature_6878,2020-08-07,Look for the photos of Marco Rubio. Thatâ€™s a man shifting in his own flesh.
Confident_Push_4176,2023-11-01,We suck as a country right now. Fuck
c8891,2021-04-27,Same
powereborn,2017-07-01,As a Canadian. I can say with confidence. Fuck Trump. Fuck Vance. Fuck right extremists.
Raekwon22,2016-02-21,"Absolutely INSANE that you can pop over to the conservative sub reddit and literally all of them saw that as Trump and Vance owning Zelensky, how rude and ungrateful Zelensky is, etc. Unreal how so many people can look at a dog and say with 100% confidence they just saw a cat."
Space-Bum-,2025-01-07,"I'm not surprised, that was disgusting how they treated Zelensky. Absolutely disgusting. Get putin into the office and shout at him for gambling with ww3. What a bunch of assholes."
WorkingPapaya4175,2023-05-24,"I donâ€™t feel it was an argument, Vance and Trump were being combative and Zelensky was trying to defend himself and explain the reality to 2 individuals who have not been to Ukraine"
Agent257,2016-05-09,"Zelenskyy is without a doubt easily ten times the man and leader any of those clueless, and absolute soulless, arrogant, sad excuses of all of those impotent pathetic human beings in that room - could ever hope to be."
Regular_Wish_8969,2022-10-30,The official gesture for the next 4 years. â€œWe donâ€™t know him. Heâ€™s not here with is.â€ðŸ™ˆ
[eliminado],,Zelenskyy is asking an illogical person to be logical.
Drakuf,2014-08-03,*every intelligent human being
DetroitsGoingToWin,2015-01-26,The whole world right now
Ok_Power118,2020-10-11,Yup. Pretty much sums it up.
Theirishtoon,2021-10-07,"You say it best, when you say nothing at all"
Lonewulf32,2017-05-06,I think we all feel the way she looks.
monkfreedom,2020-11-18,"Insult to bloodshed wound.

Trump even can not point a finger Minsk on map"
EdOfTheMountain,2016-08-20,"The king, all the kingâ€™s men, and his billionaire lords are all proud members of the Putin Puppet Party"
Dr_Hannibal_Lecter,2011-11-17,"This could also be submitted to /r ""watch as more people are about to die outside"""
Pvt_Hudson_,2014-05-28,This is the face of someone who realizes a lot of her countrymen are being condemned to death right in front of her.
PrideofPicktown,2021-06-14,"Us too, lady!"
Oddbeme4u,2022-01-07,we found our meme for the next four years
SicSemperTrumpannis,2025-02-19,"Donald Trump is Putin's piss-boy, the fucking cunt."
Apprehensive_Wolf217,2022-05-24,"At some point If Trump was at all presidential and a true leader of men, he wouldâ€™ve gently put Vance in his place, firmly but with respect told Zelenskyy that they would continue the conversation when things cooled down and concluded the press conference. Period. Instead,  he let everyone including himself escalate and ended up looking  childish and petty. The real winner was sitting in Moscow laughing his ass off at this shit show."
Signal-Ad2674,2021-12-26,I wonder what Obama is thinking right now. Or even Bush!
Mattias_87_2,2023-10-02,"Democrats needs to get their shit together, push these crazy people back and raise the bar."
JoeyAKangaroo,2018-06-20,Jd â€œno fact checks plzâ€ vance needs to shut his trap
system_dadmin,2022-02-21,"Take hope folks, this exchange has broken through my maga mom's complete faith in Trump."
callmeocean_master,2023-09-25,"They weren't arguing. Trump and Vance were trying to be bullies, but Zelensky wasn't having it."
chpid,2017-01-22,"Vance is a fucking moron. â€œIâ€™ve watched and seen the stories.â€  

Imagine youâ€™re a veteran of a war. Someone comes up and starts lecturing you about it, and you ask them if they experienced it, and they say â€œIâ€™ve watched and seen the storiesâ€.  

Iâ€™m really surprised this hasnâ€™t taken off as a meme."
Big-Carpenter7921,2023-07-08,Us too girl. Us too
2oldbutnotenough,2021-10-04,I'm glad someone knows gaslighting when they see it.
-oldio-,2021-08-27,People voted for this.... unbelievable
Tjrowaweiyt,2021-06-23,That's all of us right now.
TheAdminsAreTrash,2025-01-18,"Be fair, Zelenskyy was acting like a human being and a leader. Trump was acting like a belligerent toddler and so was Vance. Trump was arguing for the lies of his handler while the adult in the room was trying to have a discussion."
ESC0scar,2024-09-04,"She represents us all, doesnâ€™t she? ðŸ˜…"
GoHomeCryWantToDie,2016-08-18,"I was in another sub earlier talking about how Norway donates a Christmas tree to place in Trafalgar Square every year as a token of gratitude to the UK for standing by Norway during the Nazi occupation. It's a lovely gesture and a reminder that we all have common values that are worth defending. 

What I've seen tonight is a tragedy that I never thought I'd see happening in a civilised society. The US Government has sided with terrorism."
One-Row-8744,2020-08-27,"Let's be real. Zelensky wasn't arguing. And he got talked, no sorry, yelled over for more than half the conference. Trump kept trying to create catchphrases and buzzwords while Vance only had ""say thank you to Trump"" on a loop. 

My favorite part is when Trump says he's glad the American people are seeing this. Like, dude it's making YOU look like an embarrassment."
TrueKiwi78,2024-10-25,I bet Zelensky was horrified when Trump got back in again.
Imaginary-Orchid552,2020-09-25,"JD screaming like a baby about how much he needs to hear him say ""thank you"".

The US has become an international embarassment."
mewanthoneycomb,2015-02-23,"Girl, same"
retarded-advise,2021-02-01,I've been doing this since the start each fkn day.
mimedm,2020-10-11,She probably worked her ass off for getting this meeting done. Being excited about negotiating something beneficial for both parties and then it's just a joke. So much pain for her and the people she wants to represent that are dying in the war
ZeldaFanBoi1920,2023-12-05,Yes but has the cost of eggs gotten cheaper?
Papa_Nurgle_84,2021-02-23,"The whole ""Deal"" was a Setup for this Circus."
jce_,2014-12-11,"Person in small town positions themselves as sheriff there to protect everyone but they have to give up their guns. Someone on the outskirts of town breaks into a person's house and kills some people inside and steals property. When the home owner approaches the sheriff the sheriff replies ""well if you give me what's in your safe over there maybe I'll do something, if not you should just let him live in half the house. Let's be peaceful about this"""
Real_Unicornfarts,2025-02-04,"""We're throwing away any chance at immediate peace"""
SuccessFancy5437,2021-01-31,Does nobody have the balls or ovaries to just stand and scream out â€œget these clowns out of here!â€ And get to actual business
whizkey_tx,2016-12-03,Sheâ€™s like  â€˜fucking christ alreadyâ€™.
GoldTurdz420,2024-04-28,Ive never been so early that I cant find the comments everyones shitting on ðŸ˜‚ usually its near the top
N-Y-R-D,2024-08-31,"â€œOh my God, please just stop talking.â€"
tobmom,2018-11-04,"Same, Sis, same."
Stillwater215,2015-07-19,"Me too, buddy. Me tooâ€¦"
shawarmaconquistador,2016-10-26,And I thought i had a tough day at work
malautomedonte,2020-03-17,Am I watching a meme live? This canâ€™t be real
FunkyBoil,2019-06-16,America's president is a convicted felon lol
[eliminado],,[deleted]
SilverWolf9911,2024-06-13,"It was a performative circus. Trump already told Vance to go after him infront of everyone. This was 100% preplanned. They thought they could make Zelensky look like an asshole or ungrateful, giving power to their turn of face again Ukraine and towards Russia.

It was two bullies pretending to be tough, bullying a man who has been at war for 3 years. You wanna talk about disrespectful? It was pathetic. 

This is how Americans are viewed now. No longer the fighter of freedom and democracy, but a shriveled, sad excuse of a country. From democracy to gangster politics.

How the mighty have fallen."
thekiddfran88,2018-04-12,That was a very hard conversation to watch I must say. Extremely embarrassing and pathetic. The US has become a complete shit hole.
1138hankaj,2021-11-27,"I bet the people of Taiwan must be thinking.. Shit, we are screwed"
justforgiggles4now,2020-05-06,It's as if Ukraine our enemy and overnight Russia became our ally. What the actual fuck is wrong with Trump? I'm 100% convinced Putin has something on him.
Eena-Rin,2019-07-09,The Russian bots are out in force
Nacho_Tools,2021-03-15,She looks how we all feel.
Amberlyaf,2020-07-23,"B, me too."
Mediocre-Hour-5530,2023-11-08,"Say what you want about George Bush, he didn't side with Al-Qaeda after 9-11."
piccolo917,2018-11-12,"Someone is realizing how many people are going to die, be maimed, be r@ped, be harmed, be traumatized, be displaced, are going to lose loved ones and possessions over this absolute &@#! of a shitstain. 

I hope everyone who voted Trump is happy with this showing because this is your fault. Fuck your excuses, you were warned, over and over and over again."
HookEm_Hooah,2018-03-25,"I am ashamed to be an American right now. 


I'm a veteran, trump is a coward and a bully who thinks he can strong-arm people into capitulation. I cherish the people I had the opportunity to help have a better life. 

The reaction displayed here to a grotesque attack and accusation made at President Zelenskyy is completely valid."
ayomous,2024-02-16,This whole meeting was a hit job. Trump never ever said anything bad about Russia or putin. He called zelensky a dictator for risking his life for his country. Then reporter asking zelensky to wear a suit while his country is in war. WTF america
Aggravating_Money992,2023-06-13,Hats off to President Zelensky for keeping his composure and staying respectful. World class
Indie_Breeze,2024-09-17,Same girlâ€¦
OregonGreen242,2011-09-09,"Same girl, same"
Initial_Celebration8,2020-09-21,I share her disbelief and second hand embarrassment
ExpertReference2979,2021-08-12,Yeah... pretty much. This is like watching a plane crash and a train derailment all at once. ðŸ˜¬ðŸ˜ž
jesus_nutsack,2014-10-05,Russian currently own two countries
[eliminado],,No matter what Zelenskyy says Trump doesnâ€™t care about Ukraine and does not want to help. If he makes nice with Trump it would almost certainly involve a settlement with Russia that would not be to Ukraineâ€™s benefit.
[eliminado],,Iâ€™m honestly surprised Trump and Vance didnâ€™t start chanting â€œUSA! USA!â€ at one point
pinkyandthebrain-ama,2024-06-16,This is what the whole world was feeling at the exact same time...
Argos19,2019-06-21,That's gotta be so stressful in person
BlackKanjiG3,2019-03-03,Had the same feeling
Popular-Ordinary-1,2021-03-26,those 3sec. are telling a whole story.
InkBlisterZero,2023-05-15,Right there with her... what a shitshow...
Miguelito1979,2013-10-29,"Sheâ€™s hurt, because she knows what it means for her country. People of her country, good young people, will die because trump had the hots for Putin and just tried to blame it all on her brave President"
adio1221,2020-02-04,Trump fucking sucks. Worst prez this county can have. Heâ€™ll send this country to hell if he donâ€™t get his way.
namir0,2021-09-22,Putin is literally eating popcorn watchig this. Insane
Downtown-Midnight320,2021-12-10,"Watch this guys, you can actually pinpoint the second where our leadership of the free world rips in half!"
nyrangerfan1,2010-10-16,"Trump and Zelensky weren't arguing. Vance and Trump tried to bully Zelensky in front of an international audience, while defending a tyrant. Absolutely disgraceful."
[eliminado],,She is a lot of usâ€¦
High_Flyers17,2015-08-09,"I never imagined it in my lifetime, but it will be interesting to see what a world looks like without American soft power."
iamnoun,2016-08-15,"Behold, the truest ""watch people die inside"" to ever exist"
[eliminado],,[deleted]
meyogy,2021-05-08,Trump should be ostracised for how he spoke to Ukraine President. That was outrageous
doublelist87,2020-08-01,The White House is a shitshow
kidwithglasses,2014-05-20,Don't worry guys I'm sure it can't get much worse
Positive_Tackle_8434,2024-11-30,Have to be honest about this. Trump with his trained monkey Vance did this to look good for Putin that's why the Russian news reporters were there. It was embarrassing to see trump act like a mob boss strong arming a candy shop owner! What is going to happen is Europe is going to support Ukraine and turn their backs on the USA. Trump is going to be overwhelmed by a storm. Vance is going to play with himself like all monkeys do!
ThanklessTask,2011-05-23,"I feel for Zelensky, this old saying...

""Never argue with a fool, they'll knock you down to their level and beat you with experience.""

Sadly it's not an argument he can walk away from..."
LadyWillaKoi,2019-09-02,"As an American, I was having the exact same reaction."
AssociateJaded3931,2021-01-04,Trump and Vance have zero diplomacy skills and their idiot Secretary of State is incapable of helping them.
Luke_4686,2019-05-17,"The thing is we can laugh at what an absolute ignoramus Trump is and mock Vanceâ€™s lack of seemingly any brain cells, but the reality is this poor woman knows how important this is to real people. Her country has been invaded and continuously bombed for  3 years. She more than likely has family and loved ones there right now. Yeah Trump is the biggest clown in the circus but itâ€™s so much bigger than him and heâ€™s going to have a lot of blood on his disgusting orange hands"
Notaprettygrrl_01,2022-06-12,She is us.
Taekwonmoe,2018-11-26,That face is all Americans that aren't under the MAGA disillusionment.
BeeBit22,2022-01-26,Its like Zelensky is the adult handling the special ed kids. (Trump and Vance.)
donessendon,2019-08-25,"She represents all sensible people around the world. 

We are with her!"
westcoast234,2016-12-29,"Witnessing both trump terms as an American in a nutshell

I can only imagine what her internal monologue sounded like"
AzrielTheVampyre,2018-07-06,"Based on this I'd guess she's way underpaid to deal with this mess. 

Never have I ever seen such craziness..  

What the hell has happened to us..."
nomindbody,2015-12-03,"She's shaking her head for the fact that Trump gave more time to a blogger asking about why Zelensky doesn't wear a suit than to critical questions about protecting Ukrainian Security beyond signing a ceasefire and real commitments beyond the US terraforming their land for rare earth metals in areas that are on the frontline.

Let's not play fall into the Roger Strone/Giuliani trap and blame Zelensky like he was wrong here or even imply it because these spin mongers will exploit anything. Trump and Vance were talking about war like a real estate deal, took few serious questions about Ukraine, and when Zelensky tried to set the record straight about a ceasefire on paper alone not being enough given it's been broken 25 times by Russia, TRUMP shouted at Zelensky to the point where Trump turns red. Not once did Zelensky raise his voice or become disrespectful. JD and Trump were acting like children."
Dyn-Mp,2019-11-13,"As a Canadian, I'm amazed we are at this stage. I know the majority don't dislike us, or Ukraine yet here we are. 

Only 1,420 days left..."
negiajay,2019-08-23,We got Russia and USA friendship before GTA VI
Glum_Material3030,2022-01-28,"Girl, we are all embarrassed by Trump"
Newslisa,2014-08-26,She is all of us.
lavender_photos,2019-10-15,"I've had the honor of meeting her at an old job. She is the kindest, most dedicated to public service diplomat I have ever met. Slava Ukraini"
fleyva765,2018-02-12,I am so sad and embarrassed to be an American watching this interchange.
ialwaysforgetmename,2013-07-08,Painful indeed.
Bcourageous,2018-05-04,Moment she realized Zelenski was setup.
Herder0fnerf5,2018-09-21,I hear ya sis.
vita10gy,2010-11-30,"Lol, the russian bots are here."
Bulldog8018,2021-01-30,"Things I never thought Iâ€™d see:

1.) Russia controlling the U.S. President."
lerriuqS_terceS,2024-02-06,#fuck Donald trump
tomfrana,2017-06-09,"FFS, people. The US **guaranteed** the **sovereignty** of Ukraine. Nobody remembers? Ukraine had nukes! **F**\*ing\*\* nukes! They just **gave** them to the Russian Federation on the condition of **guaranteed sovereignty** from **Russia**... and the **freaking** USA.

Trump is only showing how he will act with his **freaking** allies. Putin and his propaganda have been destroying **""The West""** for decades now. They have **TV segments** where they claim **freaking** **Alaska** as their own. They have clips showing how they will nuke London, Washington, how they **want** **to destroy all of the USA**...

But Putin is now an ally?! FFS, come on, wake up."
blackteashirt,2018-03-03,Zelensky didn't argue. Trump and Vance just started shouting at him because he wasn't bowing down.
Musashie-Mike,2024-11-02,"How do we protest. Legitimately I'm asking, I'm located in Central Florida near Orlando and I don't know how to protest are there groups to sign up for?"
[eliminado],,"Watching the video earlier, my heart actually broke.

This is going to go down as a huge moment for US history, and not for good reasons."
[eliminado],,"What was Zelensky supposed to do? He came in saying thank you, then Trump/Vance accused him of not being grateful enough, and were dead set on berating him in front of the cameras to show how â€œtoughâ€ they are. Like was he supposed to just sit there and be humiliated?"
MemeArchivariusGodi,2019-12-25,"Why are the top comments , cringe ?"
CptCojonu,2016-07-27,"Russian bots, Russian bots everywhere"
Lost_Writing8519,2022-11-29,Don't believe the russian bots in the comments. Trump was disgustingly disrespectful here
Alex_the_Mad,2019-12-03,Definitrly felt like this as well.
wusurspaghettipolicy,2018-10-29,"i feel those vibes ""for the love of god, shut the ever loving fuck up"" on a Monday"
Altruistic_Ad_9454,2021-04-18,Poor lady.
Understanding-Fair,2020-07-13,That's gotta be a tough job these days
OverallDonut3646,2024-06-04,Marco Rubio's face the entire time as he sat on the couch.
casual-nexus,2020-02-19,I know that look.  I recall Anthony Fauci with a similar expression.
Shoskiddo,2021-05-24,Breaking: Putin offers to mediate a ceasefire between Trump and Zelensky.
True_Conflict_1662,2020-11-17,I am afraid to watch that video...
Master-Erakius,2021-03-04,"Zelinsky, appeal to Europe with the minerals deal. America can not be trusted and there are lots of weapons and support Europe can give."
BruceForsyth55,2023-03-09,"The mask is off now. Like prrrroper off. Yall need to do something in the US. Red V Blue will always be a thing but Trump himself??? Ya gotta sort that shit out.

Edit: Just to confirm I mean no disrespect I think the rest of the world is mighty worried about the USâ€™s turn."
Economy_Onion_5188,2022-11-27,"Trump: We want your minerals and you need to give Russia any land they have taken.

Zelenskyy: No thanks.

Trump: you clearly donâ€™t want peace."
[eliminado],,[removed]
diddlebunny,2010-11-14,The shame I feel as an American is overwhelming.
Popular_Tomorrow_204,2024-04-09,Will the US really continue like this for the next 4 years?
Ok_Departure_2789,2022-10-01,Zelensky stood up to a bully. Finally someone who won't bend over
Ok-Box8267,2021-07-16,Trump supporters think heâ€™s globally respected. What an absolute joke. This administration is an embarrassment.
Name835,2021-08-02,United states of Russia
eoliankeeper,2020-08-10,putin put-in trump
Ninac5,2020-11-26,I never expect anything from them but they always manage to somehow get worse. The people who voted for this circus are deranged.
crabjay9021,2019-04-10,not her fault
Malfeitor1,2012-02-23,Why is no one in our own government (Except Janet Mills) giving verbal pushback to this ass clown??
childofthemoon11,2023-12-27,Some of these comments are wild. Apparently orange man can do no wrong
crohead13,2016-07-01,"Her ""She can't fix stupid"" face."
Pattastic,2012-05-13,Can we put her on the banner?
BostonBaggins,2024-01-16,Trump is JD.... embarrassingly unbearable
Ola_ola_rolla,2024-07-28,Olympus has fallen... :(
Conscious_Ad_4931,2020-12-03,I feel so embarrassed to be American. Trump is the best thing that could happen to the KGB and Russia.
OctavianCelesten,2023-03-18,"You could want Putin to personally decapitate every citizen of Ukraine, and still see that the way this 78 year old toddler [sic ad hominem] conducted himself , was unacceptable for an adult, let alone a head of state."
archiangel,2014-12-30,Everyone else in the room is dying inside
pawnman99,2015-04-16,I've made that same face in staff meetings.
Cody-512,2023-02-01,That expression sums up my feelings
Opposite-Peanut4049,2021-07-12,Russian bots everywhere today. The comment section is filled with them.
greenmojo100,2022-06-15,"Its more personal for her than it is for the majority hearing and seeing it. A ceasefire could save the lives of thousands of her countrymen, her friends, family and children, instead she witnessed an ego maniac and his sidekick attack the man who has been fighting for his country.

  
Zelensky a few days after his country was invaded and the US offered to fly him out.

26. feb. 2022Â â€”Â The fight is here; IÂ *need ammunition*,Â *not*Â a ride.â€ - on the US evacuation offer. Ukrainians are proud of their President."
Qubeye,2012-04-14,"Headline is wrong.

This isn't an argument. It's JD Vance and Donald Trump ***yelling at the leader of a sovereign country and openly lying about the situation***, and Zelensky politely and patiently attempting to provide accurate information. 

They literally just interrupted and yelled and berated him. He couldn't get a word in edgewise. 

It was not an argument."
TomTrauma,2019-11-06,"It wasn't diplomacy; it was bullying, plain and simple. Trump is running the white house like he's on an episode of The Apprentice. It's not funny and it's not clever. It's childish."
bballkj7,2015-08-16,"MAGA saying â€œitâ€™s good to have a strong president againâ€  
 
 Zelensky is strong. Trump wouldnâ€™t last a single day working retail lmfao"
rox186,2013-02-28,I don't like this shit either
bluediamond12345,2020-03-23,"We are all this woman, every minute of every day ðŸ˜ž"
Lusty_Knave,2016-05-15,"Post your opinions here, then read it to your local state representatives. No seriously, word have power, it matters. 

Edit: Donald Trump is trying to normalize land grabs, and support Russiaâ€™s attempt to rewrite history by spreading lies. Russia invaded Ukraine, it is not the other way around. Originally they said that they were invading because sharing a boarder with NATO was somehow a threat to Russia. We can prove this is a lie, because now Russias boarder with NATO is less defended than is ever has been in history because all of their military is concentrated in Ukraine. If NATO was a threat they would have trench lines and military personal along the NATO boarder ready for invasion. 

Edit 2: They invaded because they want as much power and control as they can grab, and it is not in the interest of the United States or democracy everywhere to sell out our closest Allies to Dictatorships and Authoritarianism for instant gratification and monetary gains. Especially during a time where the United States is seriously gearing up for war with China over Taiwan, we need strong relationships with as many long time allies as possible. Russia will not help us in the ways Donald Trump is helping Russia. Donald Trump must be stopped - if you donâ€™t have time, you have money; if you donâ€™t have money you have time. If you decide to do nothing, the future will be decided for you by the most powerful and greedy people alive at the time of writing."
Zzuesmax,2017-03-13,"It's gotta be soul crushing, hearing one of your biggest hopes for your people's survival talk about your leader like that. A leader who has been nothing but the classiest badass I've ever seen during the war on his country."
Skyhigh420mlps,2023-11-28,Discussing anything meaningful  with Trump is useless.  He has the emotional aptitude of a 3rd child.  Absolutely shameful.
ProtectionContent977,2023-09-20,Trump and JD are weak asf. Lol.
Paddy32,2014-06-11,Trump is truly disgraceful. How on earth did Putin manage to poison USA like this. How did a soviet dictatorship manage to control the most powerful country in the world???
Bawbawian,2022-12-23,"cuz it's not a meme or a joke for some manosphere dude bros to them. 

they remember what the Wagner forces did to those cities when the war first started. 
they did unspeakable things to those people. 

now America just publicly sided with the people that did it.

if Russia stops fighting the war's over. 
if Ukraine stops fighting Ukraine is over."
arlofischer,2024-03-03,Trump and JD have little dog energy. Yapping away because they are so weak and insecure. Putin's puppets feeling as weak and scared as their master. No actual strong person behaves like these two.
civgarth,2015-03-16,"Jesus Christ, Americans.  How much longer are you going to put up with him?"
aja_18,2023-04-29,"Trump is setting up the stage for everyone to hate USA... 

Started with Canada, Mexico, EU, Taiwan... and now this?"
Forever-Hopeful-2021,2021-01-30,"This is actually heartbreaking to watch. After all the brave Ukrainian people have had to edure trying to hold their independence in the face of a tyrant, they're being bullied on the world stage. Shame on them."
fallser,2016-09-27,Sheâ€™s all of us.
ATLDeepCreeker,2021-02-03,This is like when your wife sees you arguing with the traffic court judge.
SpritzTheCat,2016-09-20,"WH staff even tries to use this moment to mock her, ignoring the fact Trump and Vance behaved like toddlers and bullies towards an ally, unprecedented by an American President prior to Trump.

>White House deputy chief of staff Dan Scavino mockingly shared a video clip of Ukrainian Ambassador Oksana Markarova putting her head in her hands during Fridayâ€™s hostile exchange between President Trump and Ukrainian President Volodymyr Zelensky.

>â€œUkrainian Ambassador understands that Zelensky is a complete and total disasterâ€¦,â€ Scavino wrote in the post.

WH full of stupid children who have no idea what real diplomacy and governance is. They can't even form a diplomatic, tactful answer."
niles_thebutler_,2024-12-26,Trump is such a fucking loser
IssAndrzej,2019-03-17,The Eu needs to step up. The U.S is a lost cause.
Level_Weakness4679,2023-11-25,"Trump has once again made this country not only the laughing stock of the world, but also hated. Are we great yet?"
TheKingAlt,2020-09-06,The American bots are out in full force it seems lol
Maximum-Lifeguard-41,2021-11-24,"Zelensky was inspiring. He was confronted by 2 apes with no manners no intellect, and no feeling to honor old alliances and values.

Chimlanzes"
Margin_call_matthew,2021-12-24,The craziest part is that the senate gave her a standing ovation on the senate floor when they passed the budget that involved aid to Ukraine. Republicans and Democrats!
M-a-x-_,2023-07-22,Relatable
Zestyclose_Alfalfa13,2020-11-15,Her job just got a lot harder. Someone sign her up for mail order wine. She's going to need a lot of it.
DeadBirdPew,2023-07-05,Now there is a job I donâ€™t envyâ€¦
OneWholeSoul,2022-07-28,"""Why was a woman in the room? DEI?"" /s"
Puzzleheaded-Pen4413,2021-01-27,She wants a transfer from the US to a non-3rd world country
[eliminado],,One of us..
PIKLIKR,2017-01-14,That's me everyday
Feeling_Crab260,2021-01-14,"This is really starting to feel like a tv show... that's like a scene from the office, just replace donny with Micheal, zelensky with Dwight and that lady as Pam"
Tweedle42,2016-02-13,Same
Oomlotte99,2019-01-07,Same.
Appropriate_Smell833,2021-11-08,I donâ€™t think they make a big enough bottle of excedrin for anyone that has to deal with Trump.
tommyballz63,2021-06-15,Total cringe embarrassing.
philo351,2013-04-18,She is all of us right now ðŸ¤¦
Flat4Power4Life,,"This is what SUPPORTING RUSSIA looks like. Blame Ukraine for everything when theyâ€™re the ones being invaded, zero accountability against Russia for starting this war."
leavebaes,2017-10-23,She is any of us with half a brain right now.
ProxyAmourPropre,,"This part was so heartbreaking honestly, and I know so many people in Ukraine and across the world are feeling the same sentiment. This event was such a shit show and it's made me terrified of what will happen to Ukraine. Come on EU, it's your time to save the day and help your Ukrainian brothers."
BaahAlors,2024-10-26,"They weren't ""arguing"". Trump was tryign to bully Zelensky into giving Putin what he wants. What a disgusting way to behave towards your supposed ally who is currently fighting a heartless aggressor."
Financial_Accident71,2021-03-30,"As an American currently in Ukraine, this was the most vile, disgusting and classless thing I have seen yet. Trump formally cut the usaid project i was working on yesterday (along with all the others) and now this today. We are all terrified right now that there will be a huge attack tonight or this weekend, every time the Trump team meets with Russia or has a negative exchange about Ukraine the attacks escalate exponentially. This farce was essentially inviting Putin to destroy Ukraine."
Buckcon,2018-02-26,"The dude is facing the fact his nation is close to being wiped to the history books, has been trying to manage a war in his first ever servitude as a politician for years nowâ€¦


And Vance is more concerned that he was being nice with Biden a couple of months ago, the delusionâ€¦"
AusToddles,2016-07-11,She knows this means more people will die... all because of an Orange Manbaby and his guyliner wearing shadow
[eliminado],,Agent Krasnov hard at work
Classic-Culture-3645,2023-11-23,Not everyone but most of us expected this after Trump elected ..
whitemamba24xx,2014-01-12,I have learned in my life it doesn't matter where you live or what you believe there are extremists everywhere. Even in the good ole USA. You proud boys are blindly following a false idle.
YanikLD,2023-12-22,"Zelensky, knowingly, entered the lions' den, for his peoples. He knew he would most probably get attacted, but was confident enough that it would exposed (more) Trump's illegitimacy as a president and as leader.  Again he went to war. But this time, whit, what was once, friends. That's courage and dedication!"
MakeththeMan,2019-03-25,The president of the USA is no longer the leader of the free world. Itâ€™s time the rest of the world sidelined the United States as we have with Russia.
Low_Parfait641,2024-09-25,America is not a reliable ally. Proven time and time again
Yes_No_Sure_Maybe,2024-05-15,What material does Putin have on Trump for him to go belly up before the negotiations even started?
pc0999,2019-06-19,Trump is making Putin proud.
streagth-in-numbers-,2019-01-02,"What did anyone think was going to happen lol ,heâ€™s not willing to help unless we give our natural resources because he needs Ukrainian resources and Canadas and until he gets it he will bully our countryâ€™s.The sad and scary thing is whatâ€™s he going to do when he gets them"
snoutmoose,2020-01-31,She is all of us. All of us.
WonderfulDoubt2623,2021-07-26,Zelensky was not arguing ... they would not let him talk at all!
[eliminado],,Trump argues like a middle schooler.
NearbyDark3737,2023-01-03,Itâ€™s so disgusting and disrespectful to speak to anyone like this and as someone whoâ€™s in authorityâ€¦he should never been put in a place of authority. We knew he abuses and all he ever does is abuse
Xyrus2000,2014-02-12,"Honestly, Zelensky should have called it off the moment Russian State TV was identified in the oval office. They don't have clearance or credentials to be there, but there were.

I wonder why. :P"
Gullible-Ad-7186,2022-03-29,"One has balls, the others two are cunts !"
Burtipo,2022-06-16,Weâ€™re witnessing history. Fascinatingly scary.
CocteauTwinn,2022-08-23,She is most of us. I couldnâ€™t watch more than 30 seconds. Absolutely sickening.
ameliorer_vol,2014-12-23,"Me too sis, me too"
Necessary_Comfort812,2022-10-29,"I have always regarded USA as a country to be an inspiration. Not with everything, we all have our downsides. But after today I will no longer trust USA anymore and I won't see them as a unconditional ally."
Agillian_01,2022-08-10,"This conversation reminded me of a conversation in the movie ""Fury"" which is one of those patriotic American WWII movies.

I am talking about the scene with the tank's commander and a higher ranking officer discussing a battle plan. At some point the officer says ""Why don't they just give up?"" To which the tank commander says: ""Would you?"" 

Honestly wondering how when an American refuses to lay down his weapons to defend his country it's patriotism, but when someone who is facing an actual invasion refuses to lay down arms it's ""a dictator who keeps dragging on the war"". You Americans do realise that surrendering would mean handing over a third of Ukraine to the Russians, including the millions of people, businesses and homes that are in said third?"
Antique-Quantity-608,2020-11-06,"As a millennial born in the 90sâ€¦ I shouldnâ€™t say â€œI canâ€™t believe Iâ€™m living through something like this againâ€ â€¦however, here we are."
[eliminado],,It's not watchingpeopledie inside. It's watching a person's nation die inside of her.
[eliminado],,It wasn't an argument. It was an ambush to appease their boss Putin.
Either-Net-276,2020-10-14,"That was painful to watch. Adults should not talk to each other like that in the grocery store line, least of all the Oval Office."
EvulRabbit,,"I'm right there with the lady.

Wtf was that?!"
ChasingSage0420,2020-04-07,"I donâ€™t understand how it suddenly turned around and suddenly Ukraine is the enemy. I donâ€™t think people realize how close our president is with Putin. 

Heâ€™s had business dealings with Russia and relationship with Putin to spans back to the early aughts , long before Trumpâ€™s presidency. It runs deepâ€¦..

https://swalwell.house.gov/issues/russia-trump-his-administration-s-ties"
Ok-Sector8330,2020-11-01,America siding with Russia is something else.
Fabulous_Vegetable60,2021-02-09,3 years of war Zelenskys people have toiled and been killed and these two wankers tell him to resign and not start world war 3. Fuck what is wrong with the USA. They can no longer say they are a democratic society. It's been changing for awhile now and it has finally reached the point where truth and accountability are done for.
Eriv83,2020-11-21,Thatâ€™s pretty much most of us these days.
SirCelestial,2018-05-09,"Yeah, I've been face palming every day. I feel it girl."
Corbotron_5,2012-10-25,Wasnâ€™t that pretty much the reaction of every sane person on the planet?
Gollyg2022,2022-10-29,ðŸ‡¨ðŸ‡¦ ðŸ Canada stands with Ukraine ðŸ‡ºðŸ‡¦!!
TheRoseMerlot,2020-12-13,"Same, lady, same."
xSluma,2020-03-01,"I really hope that the dumbass comments are bait, these are painful to read and shows just how little people understand the state of the world and if they genuinely believe what they are saying they clearly donâ€™t know what the fuck they are talking about and need to stfu"
Fmorrison42,2014-09-11,Thatâ€™s how the intelligent amongst us feel everyday.
Objective_Broccoli98,2022-11-02,Trump looked like a senile old man who couldnâ€™t make sense and JD sounded like his usual hateful self. Nothing to see here really.
csectioned,2016-06-15,"Me too, girl.  Me too."
stink-stunk,2021-02-04,"Maga trumpers say "" hell yeah, fuck that guy!!""
  Just ridiculous the times we're in."
YT_Sharkyevno,2019-10-11,My favorite part was when the only journalists still let into the Oval Office ask Trump hard hitting questions like â€œyou engaged with Russia in diplomatic relations something the previous leaders lacked the conviction to do so. What gave you the morale courage and conviction to lead that?â€
Cipherpunkblue,2012-09-13,I can not imagine the hurt and weariness. This is painful and maddening.
SolarNachoes,2020-09-06,Did Trump think all the media etc would pressure Zelensky to sign the deal and it blew up in his face? Or was this the expected outcome all along?
FoldedaMillionTimes,2022-10-12,She is the entire world.
MistoftheMorning,2019-06-27,"When it hasn't been your day, your week, your month, or even your year..."
Svennis79,2019-10-30,"The second he or anyone tries to refer to him as the leader of the free world, they need slapping down hard.

He is absolutely not in any way shape or form."
LegitimateMoney00,2024-01-29,"Only one way to settle this beefâ€¦

Trump vs Zelensky at Wrestlemania 41"
audrey1972,2022-07-21,Trump and Vance are such low lives
[eliminado],,[deleted]
RevolutionaryUse2416,2024-07-03,"Sheâ€™s as embarrassed as most Americans are, I feel like complete shit today and questioning why Iâ€™m still in this country."
Impossible_Range6953,2024-10-13,"Slava Ukraini ðŸ‡ºðŸ‡¦

Fuck oppressors and their apologists."
onward-and-upward1,2021-01-29,"Fuck JD Vance. Fuck Trump. Fuck Putin. 

Slava Ukraini"
DocSternau,2020-03-09,Can we stop saying they argued? Selenskyj didn't get a word in. He was facing two school bullies that screamed him down.
coneofconvergence,2019-09-02,She is every one of us
Icy-Service-52,2022-12-05,Every day I wake up more embarrassed to be an American
crook3d_vultur3,2019-03-09,"The people that support Trump speaking this way to another foreign leader are the same people who get screamed at by their alcoholic boss and just say â€œyes, sirâ€. This isnâ€™t about right vs wrong, morals, or empathy. It comes down to publicly embarrassing someone and being an â€œalphaâ€.

I would argue that by Trump planning this whole scheme, taking questions mainly about what Zelenskyy wears and praising far right news, has shown how immature and fragile he is. He canâ€™t even talk to CNN without falling into his CNN stims about how theyâ€™re bad and failing. When someone stands up to him, he absolutely melts, like parents when they realize they are wrong but wonâ€™t let the kid win when the argument goes on, so they just yell and repeat the same things.

Edit: spelling"
FragrantGearHead,2024-12-31,"In my opinion, JDV instigated this tirade. He was on a mission to have a dig. When anyone starts a sentence with â€œWith respectâ€, you just know what coming next is disrespectful. 

Zelensky should have shut both of those turds down with â€œhave either of you been a wartime leader of a country? Because I am, and I have been for 3 years and I donâ€™t appreciate being lectured on this by leaders whoâ€™ve only been in office for 6 weeks of peacetimeâ€."
ToolFanBoy,2014-08-20,Embarassing to be an American. Fucking clown show.
slappingactors,2022-03-29,abounding pet shy doll violet safe sheet tart hurry point
jkprop,2020-09-29,The world is watching a man child trying to get him way by talking louder and demanding his way. This is not how America should act.
PeruvianHeadshrinker,2013-09-24,"Her heart is breaking because she knows this fucking orange rotting pumpkin is selling out her people, her family, her motherland to a fucking murderous dictator psychopath. 

FUCK TRUMP

FUCK VANCE

FUCK THE GOP

ENOUGH"
redditrookie1234,2024-12-27,Trump expediting Americaâ€™s demise and fall
IzzySuite,2017-11-05,They weren't arguing. Zelenskyy was set up and bullied by a group of grade a pos's
[eliminado],,"Trump and Vance, the Hillbillies of the Oval Office, are absolutely over their heads and are not qualified in any sense of the wordâ€¦ what an absolute embarrassment to the US"
KingstonHawke,2014-03-08,So embarrassed to be American.
tobeshitornottobe,2020-04-04,"Like what the fuck was that meeting, it was just Trump and JD berating Zelensky for a majority of the time. What was the goal? Because it makes Trump and JD look like out of touch asholes losing their temper."
[eliminado],,[deleted]
Fantastic_Falcon_236,2020-12-02,Payback for not delivering the (fictional) dirt on Biden? Or payback for getting found out about said 'dirt' being one of the conditions of giving aid  last time he was president?
ElPayador,2018-10-25,This day will remember in infamy ðŸ˜¢
Intelligent-Major492,2020-11-30,Now let's see them berate Putin for not for not pulling his troops out of Ukraine
festering-shithole,2024-11-04,"Remember guys don't give up your nukes for ""security guarantees"", especially from ruzzia."
Aggressive_Canary_10,2021-10-28,Trump wants to end Pax Americana and I donâ€™t think there was ever the possibility of a security deal.  This is all just showmanship by Trump to make his base or Putin happy before the US exits the conflict.  Thatâ€™s all.  Ultimately Europe needs to step up for Ukraine
EmbarrassedTheory638,2022-04-04,"Long  ago, when D.F.T.  said he had a plan to create a peace. I had said it was to surrender. I hate I was right."
mydb100,2020-11-29,"Has anyone tried strapping some Magnets to McCarthy's Casket? Cause I imagine he's spinning in his grave slightly faster than the Founding Father's.

On a side note, I bet Mike Pence is glad he isn't VP anymore"
Tank20011,2017-03-09,"What gets me is a guy who never saw combat but tells a wartime president ,what he should do ,I just don't get it"
LimpingAsFastAsICan,2022-04-18,"""Dear God, please make me a bird so I can fly far far away from here."" I'm not usually a praying man, but I'd join her in that one."
No-Lie-154,2024-01-20,Worst job ever
Alienliaison,2021-07-02,The deal is another scam. trump is obviously desperate to get this. When has he ever cared about peace? He is mad because this was going to be a payday for him and he realized itâ€™s not happening. Zelensky is wise to avoid the USA until after the midterms. I have so much respect for him. SLAVA  UKRAINE!
[eliminado],,[deleted]
[eliminado],,This is heart breaking to watch
listenyall,2017-07-04,Many of us wanted Kamala to be president but I bet this woman really really felt it in her bones
horse_you_rode_in_on,2011-08-10,She and the rest of us realizing that this is going to cost Ukraine blood.
AgathaWoosmoss,2020-10-03,"Ukrainian-American friend of mine told me a LOT of her family & friends voted for this bafoon because ""He said he'd end the war""

Sure he will. Just not the way you want. 

So sad."
HomeAir,2018-02-23,"But this time the US joins the Axis.


I fucking hate it here"
idkwhatimbrewin,2016-06-27,Don't forget measles and bird flu outbreaks!
Solace2010,2015-07-10,Leopards are fat by now
BrianSometimes,2016-11-18,Trump has undone almost a century of diplomatic work with Western allies. Just pissed on it and moved on. He's been president for one month.
Forsaken-Builder-312,2021-01-31,It's what plants crave!
chaoticnormal,2020-09-04,Crazy part is that Donnie Dumbass never had a hand in parenting his own children so this is his bully position.
samdekat,2018-12-15,To be honest at no point did Trump or Vance ever propose a plan that would ease the suffering of the Ukrainians.
DangerWo1f,2018-01-27,Nothing and it wouldnâ€™t matter if his hero Putin did have anything. There could be a tape of Trump and Epstein team tagging an underage girl and MAGA would still hold him higher thanJesus
ShaqSenju,2018-04-05,Piss tapes
TaRRaLX,2015-05-29,Trump just wants to be like him and be friends with him.
Peritous,2017-06-26,"Yeah, I mean they took turns insulting him, talking to him like a child and talking over him. 

As an American I was outraged to see them behave like drunken uncles shouting over everyone else at dinner. 

The behavior of weak and pathetic men."
BubbleNucleator,2023-05-12,"It was a set up, JD clearly rehearsed that with his practice couch, they came in ready with talking points and everything. My guess is putin directed this."
NeuroPlastick,,And their followers ate it all up. Like a dog eating its own vomit.
der5er,2016-03-21,"""hAvE yew eVEn saID tHaNK yOU o1Ne TyMe?"" 

So fucking stupid."
jameslosey,2011-12-15,"Create a performance of looking â€œtoughâ€ and make it Zelenskyâ€™s fault. Trump couldnâ€™t even do it on his own, he needed Vance there to string sentences together for him. 

It was simply insulting when Trump interrupted Zelensky and said â€œyouâ€™re not allowed to talk nowâ€"
EyesLikeBuscemi,2016-01-27,"He's a global embarrassment, he's unfortunately almost every country's problem whether it should be that way or not.  But us Americans are indeed especially embarrassed of that dipshit getting re-hired after being one of the worst at the job last time."
theClumsy1,2015-04-07,"TASS were ""accidentally"" included in the press pool for this event.

https://www.cnn.com/2025/02/28/media/tass-russian-state-media-oval-office/index.html

Whos TASS? Why its russian state media.

>A correspondent for TASS, a Russian state media organization, was among a group of hand-picked pool reporters present in the Oval Office forÂ the leadersâ€™ meeting, which is part of the USâ€™ efforts to end Russiaâ€™s war in Ukraine. TheÂ testy Trump-Zelensky sit-downÂ may yield a signed deal that would exchange US access to Ukraineâ€™s mineral resources for security guarantees.


>Though the group of pool reporters in the Oval Office was hand picked, the White House has denied the TASS staffer was permitted entry.

>The apparent gaffe comes three days after the White House announced it wouldÂ wrest the choice of pool reportersÂ from the White House Correspondentsâ€™ Association, breaking with decades of precedent. Karoline Leavitt, the White House press secretary, promoted the move as democratic on Tuesday, emphasizing that the WHCA â€œshould no longer have a monopoly over the privilege of press access at the White House.â€"
Ragingtiger2016,2016-08-08,"I wouldnt be surprised if they or china were making overtures. China seeks to replace the US as the world hegemon, and will do whatever it takes, including playing the mediator despite their own ties with Russia"
Phil_Coffins_666,2022-01-10,"Europe is already knocking at the door, Ukraine wants to be a part of the EU and a deal with them would be in the best course of action."
cobcat,2016-09-05,"Oh God, can you imagine if China went like ""we think Russia has been too extreme in Ukraine, so we are going to support Ukraine with 1 million artillery shells"""
KrazyCroat,2016-05-20,"I couldnâ€™t get more than two minutes through it, made me sick to my stomach and Iâ€™m not even American."
2024-2025,2024-09-22,Reporters are there to make drama headlines. She was there for peace
[eliminado],,because they are braindead.
Mustang_Calhoun70,2018-08-22,Depends only on one thing:  who funds your re-election coffers.  Common decency and having an actual spine donâ€™t even figure into the equation.
probablyuntrue,2011-12-24,"â€œIM NOT YELLING YOURE YELLING ðŸ˜¡ðŸ˜¡â€

Shouted Vance calmly"
Silvermane2,2014-01-28,"This is what happens when all the wrong people are put in power. please don't get it twisted.

The majority of us did not want this. We're just kind of here for the ride ;_;"
Exact_Insurance7983,2021-12-01,Russian bots army definitely out in full force today.
AmazingWaterWeenie,2019-11-13,He's probably set aside the rest of his day to celebrate his lackey doing such a bang up job.
hamsterfolly,2020-05-11,Australia has reportedly sided with  Zelensky over Trump
ilufwafflz,2020-01-21,US citizen here. Yup. Weâ€™re fucking idiots.
Playful_Stable_5182,2023-01-08,I too was horrified. I hope Iâ€™m too old to get drafted.
Lynxuss,2018-01-11,Russian States of America
stickynote_oracle,2018-11-25,Iâ€™m not sure there will be much â€œunitedâ€ left when these sociopaths are through torching our government.
thedayafternext,2021-07-05,This was the plan. It was a planned ambush to show MAGA idiots Trump being tough and Zelensky unreasonable. But it was just two narcissistic assholes ganging up on a wartime leader trying to save his country.
shallowsocks,2024-01-27,That's a woman who just saw her job get a whole lot more difficult
LionInAComaOnDelay,2018-09-11,"They were trying to assert how much they ""owned"" him and how much he needs their help. It was a very lame and unprofessional show. Putin is definitely giggling watching."
SuperJacksCalves,2021-06-29,I got to meet her through my job; really brilliant and intelligent woman. One of many career diplomats who are so much smarter than the people that now control their fate
SidFinch99,2020-03-11,"Bird flu is over because they fired the people working on it. So if those people don't have jobs related to it, it can't exist."
dancingpugger,2013-05-14,"Nazi salutes, felon as president,  oligarchs in charge and 2 men bullying another in front of a crowd.

I think we are the bad guys now."
sidcitris,2013-09-08,"They want natural resources, and this is an opportunity to get them. Human life means nothing if it gets in the way of profit for these people and the people that support them"
Cyraga,2015-08-01,"Or he's just been so thoroughly worked out by the KGB that Putin can literally play him like a fiddle. There's basically nothing that could turn Trumps rabid fanbase away and the justice department is completely compromised, so Trump can be afraid of nothing and he must know it"
turtal46,2010-01-27,"Did you hear the questions that the reporters asked? 

""Why aren't you wearing a suit?"", was one of the only questions asked to Zelensky, to which he responded along the lines of ""I have more serious issues to answer.""

My personal favorite was the one asking Trump why he was so brave and great, while the big mean bad doodoo head Biden was so awful and not good.

Most of the people in this room not serious people."
Electronic_Cherry781,2023-01-23,JUST SAY THANK YOU
bondsmatthew,2012-05-13,They also fired people working on nuclear safety so we have that to look forward to in case you were getting tired of the script of 2025
bowsmountainer,2014-11-07,Exactly! Just like Trump tried to solve COVID by forcing testing to stop
Sp4cemanspiff37,2019-12-26,We haven't really had a good history of being the good guys either.
